accuracy,balanced_accuracy,precision,recall,f1,roc_auc,model
0.865,0.7122068139017291,0.7939914163090128,0.45454545454545453,0.578125,0.8686043516551991,gradient_boosting
0.861,0.7160982245728009,0.7529411764705882,0.47174447174447176,0.5800604229607251,0.8575385863521456,hist_gradient_boosting
0.8575,0.7312790448383668,0.7033333333333334,0.5184275184275184,0.5968882602545968,0.853886243716752,random_forest
0.721,0.7123595089696785,0.3949930458970793,0.6977886977886978,0.5044404973357016,0.7648264597417139,logistic_regression
